image_id,label
1335111806.jpg,3
3551690103.jpg,1
3080364100.jpg,3
674941646.jpg,2
2716766472.jpg,3
3892268539.jpg,4
269761139.jpg,3
2161246720.jpg,3
2496727022.jpg,3
3714369192.jpg,1
2815381590.jpg,3
2745720901.jpg,1
480754210.jpg,1
2229345827.jpg,3
2869128816.jpg,1
1150053692.jpg,3
4258860412.jpg,1
758535635.jpg,4
325567514.jpg,4
3485831468.jpg,2
1567964165.jpg,1
3237815335.jpg,2
2175327103.jpg,4
1875749877.jpg,3
925327697.jpg,2
506664858.jpg,2
4048732920.jpg,3
3899499666.jpg,3
3582059053.jpg,3
3776263939.jpg,1
4228743901.jpg,2
850402862.jpg,3
771588286.jpg,3
510749381.jpg,3
3465867956.jpg,1
1333145781.jpg,3
2797119560.jpg,1
451612458.jpg,3
608266906.jpg,3
3015735585.jpg,3
3852927202.jpg,3
3473533262.jpg,3
1573242622.jpg,3
3263547515.jpg,0
3637072824.jpg,2
1805270227.jpg,4
3724895010.jpg,4
159364760.jpg,3
1041022257.jpg,3
3063789590.jpg,4
3243126254.jpg,3
302898400.jpg,1
3218992667.jpg,1
887272418.jpg,3
1791690921.jpg,3
3396595680.jpg,2
3412658423.jpg,3
6103.jpg,3
448853755.jpg,3
3340494007.jpg,0
1802409860.jpg,3
1132572799.jpg,3
2815296701.jpg,4
2945964157.jpg,0
2754635742.jpg,3
551051657.jpg,3
2570433582.jpg,3
3634041994.jpg,4
1612928638.jpg,2
3344412896.jpg,0
3644947505.jpg,3
3782988720.jpg,3
1110776878.jpg,3
2240905108.jpg,4
2178767483.jpg,3
19090141.jpg,3
1546870332.jpg,0
2782292505.jpg,3
3474522679.jpg,0
807698612.jpg,1
3070263575.jpg,1
2424770024.jpg,4
2475450560.jpg,3
485328354.jpg,3
703444371.jpg,0
1064635740.jpg,3
1385082833.jpg,3
634816572.jpg,3
1034527129.jpg,3
3107954712.jpg,3
1279364304.jpg,3
3589093765.jpg,4
3308428199.jpg,3
3784738955.jpg,3
2820596794.jpg,1
4012991652.jpg,3
1606494561.jpg,1
807086334.jpg,2
2657757602.jpg,2
441313044.jpg,3
491516744.jpg,3
3017918878.jpg,3
675264849.jpg,1
4287071486.jpg,3
3198959559.jpg,3
1931683048.jpg,3
85027801.jpg,2
1313437821.jpg,3
2251583230.jpg,1
790690044.jpg,2
1090116806.jpg,3
2995137559.jpg,3
774942626.jpg,3
3885885091.jpg,3
2178418518.jpg,3
2199572069.jpg,4
290569488.jpg,3
2653683211.jpg,3
544498440.jpg,3
899398361.jpg,3
719526260.jpg,3
3619872017.jpg,3
699957994.jpg,3
1981291103.jpg,2
1537830611.jpg,3
4051216052.jpg,4
332671800.jpg,3
376862597.jpg,0
222165082.jpg,3
2509869422.jpg,3
491673903.jpg,2
2618441199.jpg,4
3980286599.jpg,3
3370579462.jpg,2
1838238336.jpg,3
1215348044.jpg,3
3274424036.jpg,2
2335483518.jpg,3
1805228807.jpg,3
4173960352.jpg,3
4147565807.jpg,3
1629904926.jpg,3
2416353814.jpg,1
3507655543.jpg,2
917042560.jpg,3
469774939.jpg,3
3966618744.jpg,1
1453190275.jpg,3
2024374578.jpg,3
933070130.jpg,3
3806158675.jpg,3
534568222.jpg,1
3368939733.jpg,3
679977941.jpg,3
429193832.jpg,3
3373743927.jpg,3
2795015114.jpg,0
3791195339.jpg,3
1145076372.jpg,3
3002558863.jpg,3
786703663.jpg,2
2865082132.jpg,3
1507118084.jpg,1
786431540.jpg,4
499130995.jpg,3
2452042158.jpg,0
2545699635.jpg,3
641583443.jpg,2
806175300.jpg,2
1924122147.jpg,3
2595067395.jpg,3
3971663926.jpg,3
2675072125.jpg,3
685053856.jpg,1
710791285.jpg,0
634792920.jpg,3
2191624068.jpg,4
1332855741.jpg,3
496949674.jpg,3
1091104589.jpg,2
2429776876.jpg,2
309509723.jpg,3
204827795.jpg,0
958551982.jpg,0
4179630738.jpg,4
1227037635.jpg,3
3465175091.jpg,2
1182693918.jpg,4
294754901.jpg,3
1674789285.jpg,3
2972617511.jpg,2
2097619367.jpg,3
2462768827.jpg,3
1908552116.jpg,4
547059239.jpg,3
3613193696.jpg,3
1699999256.jpg,1
2601029045.jpg,3
1359619982.jpg,3
924049818.jpg,3
978029996.jpg,2
3933504809.jpg,3
2375839480.jpg,3
1440401494.jpg,3
3782729754.jpg,1
1580406201.jpg,4
1317841019.jpg,1
144873912.jpg,3
1234159870.jpg,3
1982984348.jpg,3
21016852.jpg,3
1684427056.jpg,3
4100445719.jpg,4
2915309072.jpg,3
3314830802.jpg,3
3437755112.jpg,4
1119593200.jpg,4
1161718761.jpg,4
3261335812.jpg,1
1362172635.jpg,3
4282894767.jpg,0
2910809830.jpg,4
2771434768.jpg,4
3815191065.jpg,3
3674975223.jpg,3
2016031973.jpg,3
1496279708.jpg,2
2170099924.jpg,2
649044628.jpg,3
199917295.jpg,3
685844269.jpg,2
774557036.jpg,3
1334904382.jpg,1
298252775.jpg,1
427669101.jpg,3
1028041356.jpg,3
4063056293.jpg,3
3455364465.jpg,3
2904485094.jpg,2
345425805.jpg,3
4077473431.jpg,3
3506949016.jpg,2
94587407.jpg,3
2510426840.jpg,2
2282747032.jpg,1
422752547.jpg,4
2718502523.jpg,3
316241634.jpg,3
482335767.jpg,3
4279337211.jpg,3
1465491965.jpg,3
2203128362.jpg,3
2178423983.jpg,2
1273947721.jpg,2
4075854821.jpg,3
3540765435.jpg,3
1286327974.jpg,3
1898688057.jpg,3
1757569899.jpg,3
828472143.jpg,2
4047167362.jpg,3
1370558109.jpg,3
2790112645.jpg,2
3210844755.jpg,3
2657864406.jpg,3
2268050032.jpg,3
2621446667.jpg,4
1277789680.jpg,3
2227373462.jpg,3
547866885.jpg,4
2684352665.jpg,1
335796643.jpg,1
3015820348.jpg,3
1848550626.jpg,3
3751724682.jpg,3
1817546498.jpg,3
2355183188.jpg,3
2051128435.jpg,3
2995462009.jpg,3
114139340.jpg,3
1729916379.jpg,3
1556639322.jpg,4
2817027058.jpg,3
2457308464.jpg,1
3628996963.jpg,4
3362918699.jpg,3
2324804154.jpg,3
3384875851.jpg,2
2569914912.jpg,3
3234169985.jpg,3
1700592380.jpg,3
3224818576.jpg,3
2840412026.jpg,1
3573601815.jpg,3
1820146745.jpg,4
133097678.jpg,1
2898065590.jpg,2
2517495253.jpg,0
450217405.jpg,3
4020055407.jpg,1
1406290747.jpg,3
2337385622.jpg,3
51075448.jpg,4
3468802020.jpg,3
3513397687.jpg,4
4175864678.jpg,1
860926146.jpg,3
2536424998.jpg,1
1898437154.jpg,3
3357707292.jpg,4
2506070849.jpg,2
508241911.jpg,1
4195598174.jpg,3
686102337.jpg,3
3806787164.jpg,3
407426699.jpg,3
2980718434.jpg,3
1445118586.jpg,3
2243019094.jpg,1
177187875.jpg,3
1849571285.jpg,2
3855806697.jpg,3
2644010748.jpg,3
22341045.jpg,2
2998271425.jpg,3
2203184461.jpg,3
845926406.jpg,3
2280369062.jpg,2
1553584181.jpg,1
1569385189.jpg,3
447826793.jpg,2
1544902048.jpg,3
663810012.jpg,3
1182950503.jpg,3
4102856795.jpg,4
3812383679.jpg,3
2105418108.jpg,3
3927071065.jpg,3
481152398.jpg,3
4159698994.jpg,3
2828575652.jpg,3
2495608764.jpg,3
128820265.jpg,3
4068103331.jpg,2
461505973.jpg,3
710350966.jpg,1
2698271190.jpg,0
2948468563.jpg,4
748345018.jpg,3
732560190.jpg,2
234405465.jpg,1
483058921.jpg,3
1046156726.jpg,3
1151591175.jpg,3
2951433753.jpg,3
736571688.jpg,3
4165541319.jpg,0
2514027748.jpg,3
1879407752.jpg,3
687693766.jpg,1
619953066.jpg,3
82105739.jpg,2
1689595763.jpg,3
3087051356.jpg,2
4153020952.jpg,4
2765430336.jpg,3
1339606936.jpg,3
3492352245.jpg,4
1891755915.jpg,3
2723143870.jpg,3
3700174408.jpg,3
4096334049.jpg,3
2839492411.jpg,3
3318782289.jpg,3
1982042661.jpg,2
3580451894.jpg,4
2919968611.jpg,3
760603911.jpg,3
2754537497.jpg,3
1722184743.jpg,3
3896744621.jpg,3
3073480112.jpg,3
1898762161.jpg,2
1020387881.jpg,3
64732457.jpg,3
2962837486.jpg,3
1205478806.jpg,4
2804421215.jpg,3
4267879183.jpg,3
203315270.jpg,3
578080012.jpg,3
2542096748.jpg,3
4278355555.jpg,2
724302384.jpg,3
3198568472.jpg,3
1121793903.jpg,1
3089786786.jpg,1
4183077936.jpg,3
2840988158.jpg,3
1953071676.jpg,2
3152575169.jpg,2
2621080584.jpg,4
1857766258.jpg,0
535314273.jpg,4
2642869227.jpg,4
2548461545.jpg,1
2974921901.jpg,3
848445335.jpg,3
2636836103.jpg,3
2092629811.jpg,3
901886086.jpg,3
1884499886.jpg,4
1311928765.jpg,3
2555433348.jpg,0
794333846.jpg,3
1979319033.jpg,3
2684430050.jpg,2
3413288947.jpg,3
210771283.jpg,4
2975115262.jpg,1
995221528.jpg,3
3859007802.jpg,1
3118711567.jpg,3
3573857618.jpg,2
1290727489.jpg,3
4222895181.jpg,3
4252015282.jpg,4
678779380.jpg,3
2932647711.jpg,3
2016976059.jpg,1
2170819649.jpg,0
1949374159.jpg,1
4243138480.jpg,3
607840807.jpg,1
1089555688.jpg,3
3655347834.jpg,3
2768412098.jpg,4
4161456491.jpg,3
2182855809.jpg,2
3471100023.jpg,3
4192792225.jpg,3
1205963821.jpg,3
433676551.jpg,2
1297475127.jpg,3
50589657.jpg,1
1952962919.jpg,3
3881936041.jpg,3
3025763927.jpg,3
73533711.jpg,3
2709513520.jpg,3
785210463.jpg,3
117031981.jpg,3
1075008294.jpg,3
3750357867.jpg,3
1981041140.jpg,3
3007566713.jpg,0
1091452653.jpg,3
269949452.jpg,3
124956903.jpg,3
2138796022.jpg,3
2636602591.jpg,3
3246854912.jpg,3
2229847111.jpg,1
1061187521.jpg,3
2431460222.jpg,3
1263787016.jpg,3
3259496319.jpg,3
1935476091.jpg,3
3778551901.jpg,3
1201158169.jpg,3
3336631270.jpg,3
2260521441.jpg,2
455328033.jpg,4
1815643293.jpg,4
996762577.jpg,3
699330995.jpg,3
1797701221.jpg,3
3212523761.jpg,3
1551047052.jpg,0
1464544692.jpg,3
4096675395.jpg,3
3410500965.jpg,2
2603943138.jpg,3
3208135631.jpg,4
3821551092.jpg,3
1530010093.jpg,3
9312065.jpg,3
149781263.jpg,4
3068895856.jpg,3
3441914965.jpg,3
938932168.jpg,3
2738825218.jpg,4
2089741702.jpg,2
1323659037.jpg,3
2746592170.jpg,0
2990902039.jpg,3
4110644267.jpg,2
4181746841.jpg,4
4016279583.jpg,3
3093539218.jpg,3
3357188995.jpg,2
1759065699.jpg,3
1279883672.jpg,3
1501891629.jpg,3
2964894832.jpg,3
4148972063.jpg,3
253094406.jpg,3
2687703797.jpg,3
3533779400.jpg,3
292918886.jpg,1
4016547157.jpg,3
564925067.jpg,3
2079354513.jpg,3
3525376871.jpg,3
3924935731.jpg,3
2598383245.jpg,3
1775001723.jpg,3
1622159386.jpg,2
343786903.jpg,3
295276903.jpg,3
2534822734.jpg,3
2130031461.jpg,4
478554372.jpg,3
274385992.jpg,4
943634756.jpg,3
966652545.jpg,4
1137582859.jpg,3
1641280501.jpg,3
2877824060.jpg,3
2323114986.jpg,3
4227424714.jpg,3
3838123877.jpg,3
1182217128.jpg,0
680852379.jpg,3
2903096431.jpg,3
1085879366.jpg,3
1524143324.jpg,1
3092766457.jpg,3
1036692910.jpg,3
2952187496.jpg,1
1734332908.jpg,3
4091333216.jpg,3
4046649903.jpg,3
2062313198.jpg,3
1488135132.jpg,3
2124724718.jpg,3
1269902527.jpg,1
2781629169.jpg,3
712150180.jpg,4
631676303.jpg,3
1832233045.jpg,4
2671737105.jpg,4
3337893773.jpg,3
1095008050.jpg,3
1171643139.jpg,3
2698125226.jpg,3
793174767.jpg,2
2433281997.jpg,3
751463025.jpg,2
2623834949.jpg,3
2272862732.jpg,3
1116856972.jpg,3
4135889078.jpg,3
4119076771.jpg,3
1926101032.jpg,3
4056695916.jpg,4
1175346022.jpg,3
622186063.jpg,3
1022283943.jpg,3
4109154808.jpg,3
2271731125.jpg,3
2028369861.jpg,3
3592412479.jpg,2
3715145802.jpg,3
3644657668.jpg,3
3243085170.jpg,4
2094357697.jpg,3
1435012035.jpg,3
3648737263.jpg,4
476858432.jpg,4
2392144549.jpg,3
1633620342.jpg,4
2759740799.jpg,3
3358566810.jpg,1
3563080812.jpg,3
403440184.jpg,3
417726822.jpg,3
1959106502.jpg,2
838404479.jpg,3
549334343.jpg,1
1659403875.jpg,3
3050606537.jpg,3
1861467540.jpg,3
3241527728.jpg,3
1534401639.jpg,4
1357133171.jpg,3
1357547386.jpg,3
1497417417.jpg,1
2800998571.jpg,3
3313281323.jpg,3
2892116713.jpg,3
3456093874.jpg,3
1071700805.jpg,3
1676052292.jpg,3
4210428578.jpg,1
2677500017.jpg,3
3789300725.jpg,3
3165686559.jpg,3
1461958903.jpg,3
112557905.jpg,3
1340939411.jpg,3
3172040723.jpg,2
3389417378.jpg,3
4286158151.jpg,0
1586338305.jpg,3
4178125933.jpg,3
195648573.jpg,3
3506387687.jpg,3
2933094268.jpg,4
3125144812.jpg,3
1560029412.jpg,4
2616771269.jpg,4
138293614.jpg,3
3920433539.jpg,0
3022473954.jpg,3
3305232077.jpg,1
1788201755.jpg,4
62053025.jpg,2
2097527991.jpg,3
731031258.jpg,4
3886831141.jpg,0
3556946646.jpg,3
1684862826.jpg,3
162740748.jpg,1
1799648561.jpg,3
2692570142.jpg,3
3294864038.jpg,4
2654269519.jpg,4
2139909622.jpg,4
352468512.jpg,4
757527381.jpg,4
920401054.jpg,3
1819398111.jpg,3
1737267770.jpg,3
2000281372.jpg,3
3800611947.jpg,3
3497908336.jpg,4
3120171714.jpg,3
3142330263.jpg,3
1455550646.jpg,3
1724663202.jpg,1
3738618109.jpg,4
658043427.jpg,3
2953205129.jpg,1
662844751.jpg,4
1934754539.jpg,2
280743468.jpg,3
3974455402.jpg,3
3762288962.jpg,4
2512000919.jpg,3
1165503053.jpg,3
3662018109.jpg,4
3040337109.jpg,0
2150406389.jpg,3
2168573204.jpg,3
206053415.jpg,4
342227867.jpg,3
891320496.jpg,1
2442102115.jpg,3
216000285.jpg,2
3964576371.jpg,3
1288225954.jpg,2
891797832.jpg,3
149376158.jpg,3
2556955265.jpg,4
948559323.jpg,0
2962685748.jpg,3
2722971247.jpg,4
2527554377.jpg,3
3274661195.jpg,4
2478368838.jpg,1
1648797663.jpg,3
2280588876.jpg,3
1197890857.jpg,2
673461056.jpg,3
1440459489.jpg,3
2425385872.jpg,2
745442190.jpg,3
1897759599.jpg,3
455188005.jpg,3
925945591.jpg,3
552169332.jpg,3
533133014.jpg,3
2937926695.jpg,3
4209715863.jpg,3
4193527713.jpg,1
235787539.jpg,2
3934216826.jpg,3
3462722131.jpg,1
4365857.jpg,2
3471472230.jpg,3
1144914727.jpg,3
2322385914.jpg,3
1595991978.jpg,3
581164870.jpg,2
1828015469.jpg,3
1098392001.jpg,3
2802072434.jpg,3
306351373.jpg,3
1407060226.jpg,4
256556025.jpg,0
2009674442.jpg,3
2653161665.jpg,3
893564766.jpg,3
773221073.jpg,3
234486821.jpg,3
2623882329.jpg,3
1250376017.jpg,3
650816529.jpg,3
812733394.jpg,3
607886591.jpg,3
3475929309.jpg,3
2178815503.jpg,3
1182451935.jpg,3
2327457311.jpg,2
912912811.jpg,1
404066691.jpg,3
18547180.jpg,2
4142500062.jpg,3
3963194620.jpg,3
3899552692.jpg,3
851525462.jpg,3
1887611865.jpg,4
4200880538.jpg,4
2581286927.jpg,3
2540784633.jpg,3
3803904228.jpg,1
2260577745.jpg,0
943360126.jpg,3
1826812654.jpg,2
12688038.jpg,2
3342257718.jpg,0
3084598319.jpg,3
1829454153.jpg,3
2867956908.jpg,2
1912329791.jpg,1
1689724096.jpg,3
1489659706.jpg,2
2295549996.jpg,4
3549065230.jpg,3
973746900.jpg,3
186394398.jpg,0
804513680.jpg,3
578646228.jpg,3
2352335642.jpg,3
771092021.jpg,1
1730472510.jpg,0
2700385487.jpg,0
1128747807.jpg,3
4294756187.jpg,2
3874317534.jpg,3
2437048705.jpg,3
4133641764.jpg,3
518232429.jpg,3
1416367019.jpg,3
3238426139.jpg,4
2669158036.jpg,1
3402053246.jpg,2
3496438505.jpg,1
3609925731.jpg,3
157149350.jpg,3
2854297423.jpg,3
2620141958.jpg,3
3986821371.jpg,3
3477169212.jpg,1
3197802027.jpg,0
1148267148.jpg,4
3732011479.jpg,3
2322601993.jpg,2
3475528953.jpg,2
2661420264.jpg,3
234399557.jpg,4
266070647.jpg,3
3118623824.jpg,4
2848007232.jpg,3
830380663.jpg,3
3919714704.jpg,3
2497722314.jpg,3
1032082353.jpg,3
2400366068.jpg,2
2643606706.jpg,3
100560400.jpg,4
1336010975.jpg,3
1994561137.jpg,3
2431396348.jpg,0
282889032.jpg,4
1308168920.jpg,3
3467700084.jpg,3
3229687331.jpg,4
3682147172.jpg,3
84787134.jpg,1
1417876180.jpg,3
3097661849.jpg,4
2404183364.jpg,4
816584530.jpg,3
1644503085.jpg,4
2827812381.jpg,4
2437213619.jpg,3
2447057702.jpg,3
2000430035.jpg,4
2127776934.jpg,4
3307087307.jpg,3
850170128.jpg,3
1870471457.jpg,3
3105887434.jpg,3
2055911260.jpg,2
3072970337.jpg,3
3164729248.jpg,3
36508013.jpg,3
446913360.jpg,3
897739604.jpg,3
936011517.jpg,3
1683677421.jpg,3
1754366174.jpg,2
2164873412.jpg,3
2002041834.jpg,3
4275245124.jpg,3
2898656244.jpg,4
3507965498.jpg,3
1927483035.jpg,3
4050620489.jpg,3
1080265497.jpg,3
907434734.jpg,2
176734204.jpg,3
1207444703.jpg,3
1488733138.jpg,3
244407780.jpg,4
2957985551.jpg,3
4222358832.jpg,3
2228138892.jpg,3
4201637914.jpg,2
1834604055.jpg,3
1391250868.jpg,1
3365043679.jpg,3
2866106633.jpg,3
35180724.jpg,3
2569050922.jpg,3
746494129.jpg,3
939566384.jpg,3
2259672910.jpg,3
2463031919.jpg,3
2278582450.jpg,3
3844811859.jpg,3
3562110262.jpg,3
4201017527.jpg,4
1713912382.jpg,3
3972035105.jpg,4
1329201937.jpg,3
494596361.jpg,3
2086522625.jpg,3
144495276.jpg,3
932915192.jpg,3
668811521.jpg,2
1023937437.jpg,3
3781411547.jpg,1
1981710530.jpg,3
1232501252.jpg,3
1363024111.jpg,3
1381973639.jpg,2
2478621909.jpg,3
1679058349.jpg,3
3809682538.jpg,0
207222931.jpg,3
3934432993.jpg,3
3391958379.jpg,1
4221969635.jpg,3
643008801.jpg,3
960202242.jpg,2
2713091649.jpg,1
1259649165.jpg,3
841741628.jpg,3
266508251.jpg,3
2576504437.jpg,3
2361087670.jpg,3
3444851887.jpg,3
881681381.jpg,3
2133117540.jpg,1
3813128079.jpg,4
2220433108.jpg,3
408051106.jpg,2
4044063310.jpg,3
3173958806.jpg,3
3308322126.jpg,3
1482718698.jpg,4
2194364157.jpg,4
262606974.jpg,4
781807650.jpg,3
1756425714.jpg,3
3342824780.jpg,3
1855389006.jpg,4
23975111.jpg,3
2252885950.jpg,3
3655961680.jpg,3
50441514.jpg,1
3305821160.jpg,4
1367882980.jpg,3
31199469.jpg,3
2350570132.jpg,4
1399204339.jpg,1
2951492916.jpg,3
3796950908.jpg,3
1296498545.jpg,3
2323359188.jpg,1
2429179859.jpg,3
442454672.jpg,2
652624585.jpg,3
2405023635.jpg,3
1635619978.jpg,1
1352386013.jpg,3
4024636592.jpg,3
4262410116.jpg,0
232455109.jpg,3
1761872222.jpg,4
3556578053.jpg,4
3633484440.jpg,3
212271499.jpg,3
2294473726.jpg,3
3206254963.jpg,3
1622379223.jpg,3
717532306.jpg,3
1469779002.jpg,3
4202441426.jpg,3
3089361275.jpg,3
2243950685.jpg,4
454710225.jpg,3
1465908426.jpg,4
383162239.jpg,3
352262850.jpg,3
2356536748.jpg,3
2520831403.jpg,3
3640609321.jpg,3
3760651169.jpg,3
2022032014.jpg,3
2501671666.jpg,3
3330987820.jpg,3
787756871.jpg,3
797589607.jpg,4
2639026926.jpg,2
3710947953.jpg,4
3110947169.jpg,3
1257722336.jpg,4
2847345267.jpg,1
3605939235.jpg,3
1769894805.jpg,1
3114592390.jpg,3
387047396.jpg,3
2682627088.jpg,3
1435182915.jpg,3
2470191455.jpg,4
1891124969.jpg,3
1059334615.jpg,3
1381626886.jpg,3
4130341996.jpg,0
227921485.jpg,4
1100141254.jpg,2
1211187400.jpg,3
3597631740.jpg,3
3452847789.jpg,1
2885612142.jpg,2
2051343489.jpg,3
2410206880.jpg,4
2956539470.jpg,3
2562362099.jpg,2
991916399.jpg,1
3810740135.jpg,3
601263353.jpg,3
3901047977.jpg,3
2111990467.jpg,1
3564058701.jpg,4
1056943297.jpg,3
4204052226.jpg,3
2256445671.jpg,3
2623148776.jpg,1
3089200900.jpg,3
967831491.jpg,3
1798775645.jpg,3
2550859820.jpg,1
2125711051.jpg,2
1220197.jpg,3
3102877932.jpg,3
4189463484.jpg,3
3885669977.jpg,3
1730809974.jpg,3
3305945509.jpg,4
967319500.jpg,3
2325593465.jpg,4
2255164475.jpg,3
825527127.jpg,3
3453071010.jpg,4
2582401533.jpg,3
2535406918.jpg,2
1138006821.jpg,3
3626400961.jpg,3
1369983957.jpg,3
1788333451.jpg,3
4149713311.jpg,1
1894282232.jpg,3
919597577.jpg,3
2673946061.jpg,3
1606458459.jpg,2
739320335.jpg,3
4066829254.jpg,3
2865232571.jpg,3
284062479.jpg,3
284272770.jpg,3
2282336130.jpg,4
1417496054.jpg,3
3458427180.jpg,3
2856542971.jpg,3
339595487.jpg,3
1864325507.jpg,3
125475896.jpg,3
1794430804.jpg,3
2853557444.jpg,1
2876852928.jpg,3
2448661412.jpg,3
1535573498.jpg,3
1204449633.jpg,3
86271785.jpg,4
2690070088.jpg,1
2847134038.jpg,3
3660982576.jpg,3
674703368.jpg,4
3224993306.jpg,3
901196930.jpg,1
3095137637.jpg,3
731606877.jpg,2
2567573946.jpg,3
592844774.jpg,3
817893600.jpg,3
1438664994.jpg,2
2245125668.jpg,3
4072965036.jpg,4
1687061748.jpg,3
1559321663.jpg,2
3351580101.jpg,3
54600142.jpg,3
717332289.jpg,3
1354380890.jpg,3
296641971.jpg,3
1794775847.jpg,3
3535017534.jpg,0
78106943.jpg,3
402874662.jpg,3
1362088025.jpg,3
457405364.jpg,1
2401581385.jpg,3
3673362357.jpg,3
2597522280.jpg,3
1123269893.jpg,4
1937240444.jpg,2
1869166281.jpg,2
3293187479.jpg,3
2973656190.jpg,3
3062084243.jpg,3
3301703643.jpg,3
3516777712.jpg,3
1068801763.jpg,3
1877887938.jpg,2
2983217292.jpg,3
